                  epoch,         train/box_loss,         train/cls_loss,         train/dfl_loss,   metrics/precision(B),      metrics/recall(B),       metrics/mAP50(B),    metrics/mAP50-95(B),           val/box_loss,           val/cls_loss,           val/dfl_loss,                 lr/pg0,                 lr/pg1,                 lr/pg2
                      1,                 1.0339,                 1.0582,                  1.259,                0.66529,                0.60165,                0.66133,                 0.4477,                 1.1947,                 1.5901,                 1.4325,             0.00036898,             0.00036898,             0.00036898
                      2,                0.98943,                0.79621,                 1.2278,                0.82622,                 0.6486,                0.73957,                0.50723,                 1.1066,                 1.1325,                 1.4009,             0.00059293,             0.00059293,             0.00059293
                      3,                0.95516,                0.72898,                 1.1996,                0.89371,                0.66212,                0.75182,                0.55823,                0.98042,                0.83762,                 1.2555,             0.00067023,             0.00067023,             0.00067023
                      4,                0.87232,                 0.6308,                 1.1442,                0.85612,                0.76366,                0.83885,                0.63041,                0.90392,                 0.6196,                 1.1959,             0.00045107,             0.00045107,             0.00045107
                      5,                0.84093,                0.58405,                 1.1265,                0.85042,                0.80547,                0.83779,                0.64147,                0.87546,                0.57425,                 1.1618,             0.00045107,             0.00045107,             0.00045107
